Symbol,symbol_url
3MINDIA,https://www.moneycontrol.com/india/stockpricequote/diversified/3mindia/MI42
AAVAS,https://www.moneycontrol.com/india/stockpricequote/financegeneral/aavasfinanciers/AF17
ABCAPITAL,https://www.moneycontrol.com/india/stockpricequote/financeinvestments/adityabirlacapital/ABC9
ABBOTINDIA,https://www.moneycontrol.com/india/stockpricequote/pharmaceuticals/abbottindia/AI51
ACC,https://www.moneycontrol.com/india/stockpricequote/cementmajor/acc/ACC06
ADANIENT,https://www.moneycontrol.com/india/stockpricequote/trading/adanienterprises/AE13
ADANIPORTS,https://www.moneycontrol.com/india/stockpricequote/infrastructuregeneral/adaniportsspecialeconomiczone/MPS
ADANIPOWER,https://www.moneycontrol.com/india/stockpricequote/powergenerationdistribution/adanipower/AP11
ADANITRANS,https://www.moneycontrol.com/india/stockpricequote/powertransmissionequipment/adanitransmission/AT22
ABFRL,https://www.moneycontrol.com/india/stockpricequote/retail/adityabirlafashionretail/PFR
ADVENZYMES,https://www.moneycontrol.com/india/stockpricequote/pharmaceuticals/advancedenzymetechnologies/AET
AEGISCHEM,https://www.moneycontrol.com/india/stockpricequote/transportlogistics/aegislogistics/AL9
ARVINDFASN,https://www.moneycontrol.com/india/stockpricequote/miscellaneous/arvindfashionslimited/ARVIN54248
ADANIGAS,https://www.moneycontrol.com/india/stockpricequote/miscellaneous/adanigaslimited/ADG01
AIAENG,https://www.moneycontrol.com/india/stockpricequote/castingsforgings/aiaengineering/AIE01
AJANTPHARM,https://www.moneycontrol.com/india/stockpricequote/pharmaceuticals/ajantapharma/AP22
AKZOINDIA,https://www.moneycontrol.com/india/stockpricequote/paintsvarnishes/akzonobelindia/ICI
APLLTD,https://www.moneycontrol.com/india/stockpricequote/pharmaceuticals/alembicpharmaceuticals/AP35
ALKEM,https://www.moneycontrol.com/india/stockpricequote/pharmaceuticals/alkemlaboratories/AL05
ALKYLAMINE,https://www.moneycontrol.com/india/stockpricequote/chemicals/alkylamineschemicals/AAC
ALLCARGO,https://www.moneycontrol.com/india/stockpricequote/transportlogistics/allcargologistics/AGL02
AMARAJABAT,https://www.moneycontrol.com/india/stockpricequote/autoancillaries/amararajabatteries/ARB
AMBER,https://www.moneycontrol.com/india/stockpricequote/miscellaneous/amberenterprisesindialimited/AEI01
AMBUJACEM,https://www.moneycontrol.com/india/stockpricequote/cementmajor/ambujacements/AC18
APLAPOLLO,https://www.moneycontrol.com/india/stockpricequote/steeltubespipes/aplapollotubes/BT09
APOLLOHOSP,https://www.moneycontrol.com/india/stockpricequote/hospitalsmedicalservices/apollohospitalsenterprises/AHE
APOLLOTYRE,https://www.moneycontrol.com/india/stockpricequote/tyres/apollotyres/AT14
ASHOKLEY,https://www.moneycontrol.com/india/stockpricequote/autolcvshcvs/ashokleyland/AL
ASHOKA,https://www.moneycontrol.com/india/stockpricequote/constructioncontractingcivil/ashokabuildcon/AB
ASIANPAINT,https://www.moneycontrol.com/india/stockpricequote/paintsvarnishes/asianpaints/AP31
ASTERDM,https://www.moneycontrol.com/india/stockpricequote/diversified/asterdmhealthcareltd/ADH
ASTRAL,https://www.moneycontrol.com/india/stockpricequote/plastics/astralpolytechnik/APT02
ASTRAZEN,https://www.moneycontrol.com/india/stockpricequote/pharmaceuticals/astrazenecapharma/AZP
ATUL,https://www.moneycontrol.com/india/stockpricequote/chemicals/atul/A06
AUBANK,https://www.moneycontrol.com/india/stockpricequote/banksprivatesector/ausmallfinancebank/ASF02
AUROPHARMA,https://www.moneycontrol.com/india/stockpricequote/pharmaceuticals/aurobindopharma/AP
AVANTIFEED,https://www.moneycontrol.com/india/stockpricequote/aquaculture/avantifeeds/AF21
DMART,https://www.moneycontrol.com/india/stockpricequote/retail/avenuesupermarts/AS19
AXISBANK,https://www.moneycontrol.com/india/stockpricequote/banksprivatesector/axisbank/AB16
BAJAJ-AUTO,https://www.moneycontrol.com/india/stockpricequote/auto23wheelers/bajajauto/BA10
BAJAJCON,https://www.moneycontrol.com/india/stockpricequote/personalcare/bajajconsumercare/BC02
BAJAJELEC,https://www.moneycontrol.com/india/stockpricequote/domesticappliances/bajajelectricals/BE
BAJFINANCE,https://www.moneycontrol.com/india/stockpricequote/financeleasinghirepurchase/bajajfinance/BAF
BAJAJFINSV,https://www.moneycontrol.com/india/stockpricequote/financeinvestments/bajajfinserv/BF04
BAJAJHLDNG,https://www.moneycontrol.com/india/stockpricequote/financeinvestments/bajajholdingsinvestment/BHI
BALKRISIND,https://www.moneycontrol.com/india/stockpricequote/tyres/balkrishnaindustries/BI03
BALMLAWRIE,https://www.moneycontrol.com/india/stockpricequote/diversified/balmerlawriecompany/BLC
BALRAMCHIN,https://www.moneycontrol.com/india/stockpricequote/sugar/balrampurchinimills/BCM
BANDHANBNK,https://www.moneycontrol.com/india/stockpricequote/banksprivatesector/bandhanbank/BB09
BANKBARODA,https://www.moneycontrol.com/india/stockpricequote/bankspublicsector/bankofbaroda/BOB
BANKINDIA,https://www.moneycontrol.com/india/stockpricequote/bankspublicsector/bankofindia/BOI
MAHABANK,https://www.moneycontrol.com/india/stockpricequote/bankspublicsector/bankmaharashtra/BM05
BASF,https://www.moneycontrol.com/india/stockpricequote/chemicals/basfindia/BAS
BATAINDIA,https://www.moneycontrol.com/india/stockpricequote/leatherproducts/bataindia/BI01
BAYERCROP,https://www.moneycontrol.com/india/stockpricequote/pesticidesagrochemicals/bayercropscience/BC12
BEML,https://www.moneycontrol.com/india/stockpricequote/infrastructuregeneral/beml/BEM03
BERGEPAINT,https://www.moneycontrol.com/india/stockpricequote/paintsvarnishes/bergerpaintsindia/BPI02
BDL,https://www.moneycontrol.com/india/stockpricequote/miscellaneous/bharatdynamicsltd/BDL01
BEL,https://www.moneycontrol.com/india/stockpricequote/electricals/bharatelectronics/BE03
BHARATFORG,https://www.moneycontrol.com/india/stockpricequote/castingsforgings/bharatforge/BF03
BHARTIARTL,https://www.moneycontrol.com/india/stockpricequote/telecommunicationsservice/bhartiairtel/BA08
INFRATEL,https://www.moneycontrol.com/india/stockpricequote/telecommunicationsequipment/bhartiinfratel/BI14
BHEL,https://www.moneycontrol.com/india/stockpricequote/infrastructuregeneral/bharatheavyelectricals/BHE
BIOCON,https://www.moneycontrol.com/india/stockpricequote/pharmaceuticals/biocon/BL03
BIRLACORPN,https://www.moneycontrol.com/india/stockpricequote/cementmajor/birlacorporation/BC07
BLISSGVS,https://www.moneycontrol.com/india/stockpricequote/pharmaceuticals/blissgvspharma/BGV
BLUEDART,https://www.moneycontrol.com/india/stockpricequote/couriers/bluedartexpress/BDE
BLUESTARCO,https://www.moneycontrol.com/india/stockpricequote/consumergoodswhitegoods/bluestar/BS
BBTC,https://www.moneycontrol.com/india/stockpricequote/plantationsteacoffee/bombayburmahtradingcorporation/BBT
BOMDYEING,https://www.moneycontrol.com/india/stockpricequote/textilesprocessing/bombaydyeingmanufacturingcompany/BDM
BOSCHLTD,https://www.moneycontrol.com/india/stockpricequote/autoancillaries/bosch/B05
BPCL,https://www.moneycontrol.com/india/stockpricequote/refineries/bharatpetroleumcorporation/BPC
BRIGADE,https://www.moneycontrol.com/india/stockpricequote/constructioncontractingrealestate/brigadeenterprises/BE08
BRITANNIA,https://www.moneycontrol.com/india/stockpricequote/foodprocessing/britanniaindustries/BI
CADILAHC,https://www.moneycontrol.com/india/stockpricequote/pharmaceuticals/cadilahealthcare/CHC
CANFINHOME,https://www.moneycontrol.com/india/stockpricequote/financehousing/canfinhomes/CFH
CANBK,https://www.moneycontrol.com/india/stockpricequote/bankspublicsector/canarabank/CB06
CAPLIPOINT,https://www.moneycontrol.com/india/stockpricequote/pharmaceuticals/caplinpointlaboratories/CPL
CGCL,https://www.moneycontrol.com/india/stockpricequote/financegeneral/capriglobalcapital/MMF05
CARBORUNIV,https://www.moneycontrol.com/india/stockpricequote/abrasives/carborundumuniversal/CU
CARERATING,https://www.moneycontrol.com/india/stockpricequote/miscellaneous/careratings/CAR
CASTROLIND,https://www.moneycontrol.com/india/stockpricequote/lubricants/castrolindia/CI01
CCL,https://www.moneycontrol.com/india/stockpricequote/plantationsteacoffee/cclproductsindia/CC10
CEATLTD,https://www.moneycontrol.com/india/stockpricequote/tyres/ceat/C07
CENTRALBK,https://www.moneycontrol.com/india/stockpricequote/bankspublicsector/centralbankindia/CBO01
CENTRUM,https://www.moneycontrol.com/india/stockpricequote/financegeneral/centrumcapital/CF09
CENTURYPLY,https://www.moneycontrol.com/india/stockpricequote/miscellaneous/centuryplyboards/CP9
CERA,https://www.moneycontrol.com/india/stockpricequote/ceramicsgranite/cerasanitaryware/CS18
CESC,https://www.moneycontrol.com/india/stockpricequote/powergenerationdistribution/cesc/CES
CROMPTON,https://www.moneycontrol.com/india/stockpricequote/electricals/cromptongreavesconsumerelectrical/CGC01
CHALET,https://www.moneycontrol.com/india/stockpricequote/hotels/chalethotels/CH03
CHAMBLFERT,https://www.moneycontrol.com/india/stockpricequote/fertilisers/chambalfertiliserschemicals/CFC
CHENNPETRO,https://www.moneycontrol.com/india/stockpricequote/refineries/chennaipetroleumcorporation/CPC02
CHOLAFIN,https://www.moneycontrol.com/india/stockpricequote/financeleasinghirepurchase/cholamandalaminvestmentfinancecompany/CDB
CIPLA,https://www.moneycontrol.com/india/stockpricequote/pharmaceuticals/cipla/C
CUB,https://www.moneycontrol.com/india/stockpricequote/banksprivatesector/cityunionbank/CUB
COALINDIA,https://www.moneycontrol.com/india/stockpricequote/miningminerals/coalindia/CI11
COCHINSHIP,https://www.moneycontrol.com/india/stockpricequote/miscellaneous/cochinshipyard/CS
COLPAL,https://www.moneycontrol.com/india/stockpricequote/personalcare/colgatepalmoliveindia/CPI
CONCOR,https://www.moneycontrol.com/india/stockpricequote/transportlogistics/containercorporationindia/CCI
COROMANDEL,https://www.moneycontrol.com/india/stockpricequote/fertilisers/coromandelinternational/CI45
CREDITACC,https://www.moneycontrol.com/india/stockpricequote/financetermlendinginstitutions/creditaccessgrameen/CG03
CRISIL,https://www.moneycontrol.com/india/stockpricequote/miscellaneous/crisil/CRI
CUMMINSIND,https://www.moneycontrol.com/india/stockpricequote/engines/cumminsindia/CI02
CYIENT,https://www.moneycontrol.com/india/stockpricequote/computerssoftware/cyient/IE07
DABUR,https://www.moneycontrol.com/india/stockpricequote/personalcare/daburindia/DI
DALBHARAT,https://www.moneycontrol.com/india/stockpricequote/cementmajor/dalmiabharat/OCL
DBCORP,https://www.moneycontrol.com/india/stockpricequote/mediaentertainment/dbcorp/C13
DCBBANK,https://www.moneycontrol.com/india/stockpricequote/banksprivatesector/dcbbank/DCB01
DCMSHRIRAM,https://www.moneycontrol.com/india/stockpricequote/diversified/dcmshriram/DCM02
DEEPAKFERT,https://www.moneycontrol.com/india/stockpricequote/fertilisers/deepakfertilizerspetrochemicalscoprn/DFP
DEEPAKNTR,https://www.moneycontrol.com/india/stockpricequote/chemicals/deepaknitrite/DN
DELTACORP,https://www.moneycontrol.com/india/stockpricequote/constructioncontractingrealestate/deltacorp/DC11
DHFL,https://www.moneycontrol.com/india/stockpricequote/financehousing/dewanhousingfinancecorporation/DHF
DHANUKA,https://www.moneycontrol.com/india/stockpricequote/pesticidesagrochemicals/dhanukaagritech/DA01
DBL,https://www.moneycontrol.com/india/stockpricequote/constructioncontractingcivil/dilipbuildcon/DB04
DISHTV,https://www.moneycontrol.com/india/stockpricequote/mediaentertainment/dishtvindia/DTV
DCAL,https://www.moneycontrol.com/india/stockpricequote/miscellaneous/dishmancarbogenamcis/DCA
DIVISLAB,https://www.moneycontrol.com/india/stockpricequote/pharmaceuticals/divislaboratories/DL03
DIXON,https://www.moneycontrol.com/india/stockpricequote/electricals/dixontechnologies/DT07
DLF,https://www.moneycontrol.com/india/stockpricequote/constructioncontractingrealestate/dlf/D04
LALPATHLAB,https://www.moneycontrol.com/india/stockpricequote/pharmaceuticals/drlalpathlabs/DLP01
DRREDDY,https://www.moneycontrol.com/india/stockpricequote/pharmaceuticals/drreddyslaboratories/DRL
ECLERX,https://www.moneycontrol.com/india/stockpricequote/computerssoftwaremediumsmall/eclerxservices/eS06
EDELWEISS,https://www.moneycontrol.com/india/stockpricequote/financegeneral/edelweissfinancialservices/EC01
EICHERMOT,https://www.moneycontrol.com/india/stockpricequote/autolcvshcvs/eichermotors/EM
EIDPARRY,https://www.moneycontrol.com/india/stockpricequote/sugar/eidparryindia/EID
EIHOTEL,https://www.moneycontrol.com/india/stockpricequote/hotels/eih/EIH
EMAMILTD,https://www.moneycontrol.com/india/stockpricequote/personalcare/emami/E06
ENDURANCE,https://www.moneycontrol.com/india/stockpricequote/auto23wheelers/endurancetechnologies/ET01
ENGINERSIN,https://www.moneycontrol.com/india/stockpricequote/infrastructuregeneral/engineersindia/EI14
EQUITAS,https://www.moneycontrol.com/india/stockpricequote/financegeneral/equitasholdings/EH03
ERIS,https://www.moneycontrol.com/india/stockpricequote/pharmaceuticals/erislifesciences/EL01
ESABINDIA,https://www.moneycontrol.com/india/stockpricequote/electrodesgraphite/esabindia/EI06
ESCORTS,https://www.moneycontrol.com/india/stockpricequote/autotractors/escorts/E
ESSELPACK,https://www.moneycontrol.com/india/stockpricequote/packaging/esselpropack/EP11
EXIDEIND,https://www.moneycontrol.com/india/stockpricequote/autoancillaries/exideindustries/EI
FDC,https://www.moneycontrol.com/india/stockpricequote/pharmaceuticals/fdc/FDC
FEDERALBNK,https://www.moneycontrol.com/india/stockpricequote/banksprivatesector/federalbank/FB
FINEORG,https://www.moneycontrol.com/india/stockpricequote/miscellaneous/fineorganicsindustries/FOI
FINCABLES,https://www.moneycontrol.com/india/stockpricequote/cablestelephone/finolexcables/FC01
FINPIPE,https://www.moneycontrol.com/india/stockpricequote/petrochemicals/finolexindustries/FI
FSL,https://www.moneycontrol.com/india/stockpricequote/computerssoftwaremediumsmall/firstsourcesolutions/FS07
FORCEMOT,https://www.moneycontrol.com/india/stockpricequote/autolcvshcvs/forcemotors/FM01
FORTIS,https://www.moneycontrol.com/india/stockpricequote/hospitalsmedicalservices/fortishealthcare/FH
FCONSUMER,https://www.moneycontrol.com/india/stockpricequote/foodprocessing/futureconsumer/FVI
FLFL,https://www.moneycontrol.com/india/stockpricequote/retail/futurelifestylefashions/FLF01
FRETAIL,https://www.moneycontrol.com/india/stockpricequote/retail/futureretail/FR
GAIL,https://www.moneycontrol.com/india/stockpricequote/oildrillingandexploration/gailindia/GAI
GALAXYSURF,https://www.moneycontrol.com/india/stockpricequote/miscellaneous/galaxysurfactantsltd/GSL06
GRSE,https://www.moneycontrol.com/india/stockpricequote/engineeringheavy/gardenreachshipbuildersengineers/GRS01
GARFIBRES,https://www.moneycontrol.com/india/stockpricequote/textilesgeneral/garwaretechnicalfibres/GWR
GDL,https://www.moneycontrol.com/india/stockpricequote/miscellaneous/gatewaydistriparks/GD01
GAYAPROJ,https://www.moneycontrol.com/india/stockpricequote/constructioncontractingcivil/gayatriprojects/GP10
GEPIL,https://www.moneycontrol.com/india/stockpricequote/powertransmissionequipment/gepowerindia/AP29
GESHIP,https://www.moneycontrol.com/india/stockpricequote/shipping/greateasternshippingcompany/GES
GET&D,https://www.moneycontrol.com/india/stockpricequote/powertransmissionequipment/getdindia/ATD
GICRE,https://www.moneycontrol.com/india/stockpricequote/diversified/generalinsurancecorporationindia/GIC12
GICHSGFIN,https://www.moneycontrol.com/india/stockpricequote/financehousing/gichousingfinance/GIC
GILLETTE,https://www.moneycontrol.com/india/stockpricequote/personalcare/gilletteindia/GI22
GSKCONS,https://www.moneycontrol.com/india/stockpricequote/foodprocessing/glaxosmithklineconsumerhealthcare/GSC04
GLAXO,https://www.moneycontrol.com/india/stockpricequote/pharmaceuticals/glaxosmithklinepharmaceuticals/GSK
GLENMARK,https://www.moneycontrol.com/india/stockpricequote/pharmaceuticals/glenmarkpharma/GP08
GMMPFAUDLR,https://www.moneycontrol.com/india/stockpricequote/engineeringheavy/gmmpfaudler/GMM01
GMRINFRA,https://www.moneycontrol.com/india/stockpricequote/infrastructuregeneral/gmrinfrastructure/GI27
GNFC,https://www.moneycontrol.com/india/stockpricequote/fertilisers/gujaratnarmadavalleyfertilizerschemicals/GNV
GODFRYPHLP,https://www.moneycontrol.com/india/stockpricequote/cigarettes/godfreyphillipsindia/GPI
GODREJAGRO,https://www.moneycontrol.com/india/stockpricequote/miscellaneous/godrejagrovet/GA03
GODREJCP,https://www.moneycontrol.com/india/stockpricequote/personalcare/godrejconsumerproducts/GCP
GODREJIND,https://www.moneycontrol.com/india/stockpricequote/personalcare/godrejindustries/GI23
GODREJPROP,https://www.moneycontrol.com/india/stockpricequote/constructioncontractingrealestate/godrejproperties/GP11
GRANULES,https://www.moneycontrol.com/india/stockpricequote/pharmaceuticals/granulesindia/GI25
GRAPHITE,https://www.moneycontrol.com/india/stockpricequote/electrodesgraphite/graphiteindia/GI13
GRASIM,https://www.moneycontrol.com/india/stockpricequote/diversified/grasimindustries/GI01
GREAVESCOT,https://www.moneycontrol.com/india/stockpricequote/engines/greavescotton/GC20
GRINDWELL,https://www.moneycontrol.com/india/stockpricequote/abrasives/grindwellnorton/GN
GSFC,https://www.moneycontrol.com/india/stockpricequote/fertilisers/gujaratstatefertilizerschemicals/GSF
GUJALKALI,https://www.moneycontrol.com/india/stockpricequote/chemicals/gujaratalkalieschemicals/GAC01
GHCL,https://www.moneycontrol.com/india/stockpricequote/chemicals/gujaratheavychemicals/GHC
GMDCLTD,https://www.moneycontrol.com/india/stockpricequote/miningminerals/gujaratmineraldevelopmentcorporation/GMD
GSPL,https://www.moneycontrol.com/india/stockpricequote/oildrillingandexploration/gujaratstatepetronet/GSP02
GUJGASLTD,https://www.moneycontrol.com/india/stockpricequote/oildrillingandexploration/gujaratgas/GGC
GPPL,https://www.moneycontrol.com/india/stockpricequote/shipping/gujaratpipavavport/GPP03
GULFOILLUB,https://www.moneycontrol.com/india/stockpricequote/lubricants/gulfoillubricantsindia/GOL01
HATHWAY,https://www.moneycontrol.com/india/stockpricequote/mediaentertainment/hathwaycabledatacom/HCD
HAVELLS,https://www.moneycontrol.com/india/stockpricequote/electricequipment/havellsindia/HI01
HAWKINCOOK,https://www.moneycontrol.com/india/stockpricequote/domesticappliances/hawkinscooker/HC02
HCLTECH,https://www.moneycontrol.com/india/stockpricequote/computerssoftware/hcltechnologies/HCL02
HDFC,https://www.moneycontrol.com/india/stockpricequote/financehousing/housingdevelopmentfinancecorporation/HDF
HDFCAMC,https://www.moneycontrol.com/india/stockpricequote/financeinvestments/hdfcassetmanagementcompany/HAM02
HDFCBANK,https://www.moneycontrol.com/india/stockpricequote/banksprivatesector/hdfcbank/HDF01
HDFCLIFE,https://www.moneycontrol.com/india/stockpricequote/miscellaneous/hdfclifeinsurancecompanylimited/HSL01
HEG,https://www.moneycontrol.com/india/stockpricequote/electrodesgraphite/heg/HEG
HEIDELBERG,https://www.moneycontrol.com/india/stockpricequote/cementmajor/heidelbergcementindia/HCI02
HERITGFOOD,https://www.moneycontrol.com/india/stockpricequote/foodprocessing/heritagefoods/HFI
HEROMOTOCO,https://www.moneycontrol.com/india/stockpricequote/auto23wheelers/heromotocorp/HHM
HEXAWARE,https://www.moneycontrol.com/india/stockpricequote/computerssoftware/hexawaretechnologies/HT02
HFCL,https://www.moneycontrol.com/india/stockpricequote/telecommunicationsequipment/hfcl/HFC
HSCL,https://www.moneycontrol.com/india/stockpricequote/chemicals/himadrispecialitychemical/HCI01
HIMATSEIDE,https://www.moneycontrol.com/india/stockpricequote/textilessyntheticsilk/himatsingkaseide/HS
HINDCOPPER,https://www.moneycontrol.com/india/stockpricequote/metalsnonferrous/hindustancopper/HC07
HINDZINC,https://www.moneycontrol.com/india/stockpricequote/metalsnonferrous/hindustanzinc/HZ
HINDALCO,https://www.moneycontrol.com/india/stockpricequote/aluminium/hindalcoindustries/HI
HAL,https://www.moneycontrol.com/india/stockpricequote/diversified/hindustanaeronauticsltd/HAL
HONAUT,https://www.moneycontrol.com/india/stockpricequote/telecommunicationsequipment/honeywellautomation/HA04
HINDPETRO,https://www.moneycontrol.com/india/stockpricequote/refineries/hindustanpetroleumcorporation/HPC
HUDCO,https://www.moneycontrol.com/india/stockpricequote/constructioncontractingrealestate/housingurbandevelopmentcorporation/HUD
HINDUNILVR,https://www.moneycontrol.com/india/stockpricequote/personalcare/hindustanunilever/HU
ICICIBANK,https://www.moneycontrol.com/india/stockpricequote/banksprivatesector/icicibank/ICI02
ICICIGI,https://www.moneycontrol.com/india/stockpricequote/diversified/icicilombardgeneralinsurancecompany/ILG
ICICIPRULI,https://www.moneycontrol.com/india/stockpricequote/financegeneral/iciciprudentiallifeinsurancecompany/IPL01
ISEC,https://www.moneycontrol.com/india/stockpricequote/miscellaneous/icicisecuritiesltd/ISL04
IDBI,https://www.moneycontrol.com/india/stockpricequote/bankspublicsector/idbibank/IDB05
IDFC,https://www.moneycontrol.com/india/stockpricequote/financetermlendinginstitutions/idfc/IDF
IDFCFIRSTB,https://www.moneycontrol.com/india/stockpricequote/banksprivatesector/idfcfirstbank/IDF01
IEX,https://www.moneycontrol.com/india/stockpricequote/diversified/indianenergyexchange/IEE
IFBIND,https://www.moneycontrol.com/india/stockpricequote/consumergoodswhitegoods/ifbindustries/IFB02
IFCI,https://www.moneycontrol.com/india/stockpricequote/financetermlendinginstitutions/ifci/IFC02
IGL,https://www.moneycontrol.com/india/stockpricequote/oildrillingandexploration/indraprasthagas/IG04
IIFL,https://www.moneycontrol.com/india/stockpricequote/financegeneral/iiflfinance/II15
INDIACEM,https://www.moneycontrol.com/india/stockpricequote/cementmajor/indiacements/IC
ITDC,https://www.moneycontrol.com/india/stockpricequote/hotels/indiatourismdevelopmentcorporation/ITD02
IBULHSGFIN,https://www.moneycontrol.com/india/stockpricequote/financehousing/indiabullshousingfinance/IHF01
IBULISL,https://www.moneycontrol.com/india/stockpricequote/miscellaneous/indiabullsintegratedservices/IWS
IBREALEST,https://www.moneycontrol.com/india/stockpricequote/constructioncontractingrealestate/indiabullsrealestate/IRE01
INDIANB,https://www.moneycontrol.com/india/stockpricequote/bankspublicsector/indianbank/IB04
INDHOTEL,https://www.moneycontrol.com/india/stockpricequote/hotels/indianhotelscompany/IHC
INDOSTAR,https://www.moneycontrol.com/india/stockpricequote/financegeneral/indostarcapitalfinance/ICF
INDUSINDBK,https://www.moneycontrol.com/india/stockpricequote/banksprivatesector/indusindbank/IIB
INFIBEAM,https://www.moneycontrol.com/india/stockpricequote/miscellaneous/infibeamavenues/IIL03
NAUKRI,https://www.moneycontrol.com/india/stockpricequote/miscellaneous/infoedgeindia/IEI01
INFY,https://www.moneycontrol.com/india/stockpricequote/computerssoftware/infosys/IT
INOXLEISUR,https://www.moneycontrol.com/india/stockpricequote/mediaentertainment/inoxleisure/INO01
INOXWIND,https://www.moneycontrol.com/india/stockpricequote/powergenerationdistribution/inoxwind/IW
INTELLECT,https://www.moneycontrol.com/india/stockpricequote/computerssoftware/intellectdesignarena/IDA
INDIGO,https://www.moneycontrol.com/india/stockpricequote/transportlogistics/interglobeaviation/IA04
IOB,https://www.moneycontrol.com/india/stockpricequote/bankspublicsector/indianoverseasbank/IOB
IOC,https://www.moneycontrol.com/india/stockpricequote/refineries/indianoilcorporation/IOC
IPCALAB,https://www.moneycontrol.com/india/stockpricequote/pharmaceuticals/ipcalaboratories/IL
IRB,https://www.moneycontrol.com/india/stockpricequote/infrastructuregeneral/irbinfrastructuredevelopers/IID01
IRCON,https://www.moneycontrol.com/india/stockpricequote/engineeringheavy/irconinternational/II07
ITC,https://www.moneycontrol.com/india/stockpricequote/cigarettes/itc/ITC
ITDCEM,https://www.moneycontrol.com/india/stockpricequote/constructioncontractingcivil/itdcementationindia/ITD03
ITI,https://www.moneycontrol.com/india/stockpricequote/telecommunicationsequipment/iti/ITI
JKCEMENT,https://www.moneycontrol.com/india/stockpricequote/cementmajor/jkcement/JKC03
JAGRAN,https://www.moneycontrol.com/india/stockpricequote/mediaentertainment/jagranprakashan/JP12
JAICORPLTD,https://www.moneycontrol.com/india/stockpricequote/steelgpgcsheets/jaicorp/JC08
JISLJALEQS,https://www.moneycontrol.com/india/stockpricequote/plastics/jainirrigationsystems/JIS02
JAMNAAUTO,https://www.moneycontrol.com/india/stockpricequote/autoancillaries/jamnaautoindustries/JAI
JBCHEPHARM,https://www.moneycontrol.com/india/stockpricequote/pharmaceuticals/jbchemicalspharmaceuticals/JBC01
JSLHISAR,https://www.moneycontrol.com/india/stockpricequote/steellarge/jindalstainlesshisar/JSH
JINDALSAW,https://www.moneycontrol.com/india/stockpricequote/steeltubespipes/jindalsaw/JS08
JSL,https://www.moneycontrol.com/india/stockpricequote/steelmediumsmall/jindalstainless/JSL01
JINDALSTEL,https://www.moneycontrol.com/india/stockpricequote/steelspongeiron/jindalsteelpower/JSP
J&KBANK,https://www.moneycontrol.com/india/stockpricequote/banksprivatesector/jammukashmirbank/JKB
JKLAKSHMI,https://www.moneycontrol.com/india/stockpricequote/cementmajor/jklakshmicement/JKL01
JKPAPER,https://www.moneycontrol.com/india/stockpricequote/paper/jkpaper/JKP01
JKTYRE,https://www.moneycontrol.com/india/stockpricequote/tyres/jktyreindustries/JKT01
JMFINANCIL,https://www.moneycontrol.com/india/stockpricequote/financeinvestments/jmfinancial/JMF
JCHAC,https://www.moneycontrol.com/india/stockpricequote/consumergoodswhitegoods/johnsoncontrolshitachiairconditioningindia/HHL
JSWENERGY,https://www.moneycontrol.com/india/stockpricequote/powergenerationdistribution/jswenergy/JE01
JSWSTEEL,https://www.moneycontrol.com/india/stockpricequote/steellarge/jswsteel/JSW01
JTEKTINDIA,https://www.moneycontrol.com/india/stockpricequote/autoancillaries/jtektindia/SKS04
JUBLFOOD,https://www.moneycontrol.com/india/stockpricequote/miscellaneous/jubilantfoodworks/JF04
JUBILANT,https://www.moneycontrol.com/india/stockpricequote/pharmaceuticals/jubilantlifesciences/JO03
JUSTDIAL,https://www.moneycontrol.com/india/stockpricequote/miscellaneous/justdial/JD
JYOTHYLAB,https://www.moneycontrol.com/india/stockpricequote/personalcare/jyothylabs/JL
KAJARIACER,https://www.moneycontrol.com/india/stockpricequote/ceramicsgranite/kajariaceramics/KC06
KALPATPOWR,https://www.moneycontrol.com/india/stockpricequote/powertransmissionequipment/kalpatarupowertransmission/KPT
KANSAINER,https://www.moneycontrol.com/india/stockpricequote/paintsvarnishes/kansainerolacpaints/KNP
KTKBANK,https://www.moneycontrol.com/india/stockpricequote/banksprivatesector/karnatakabank/KB04
KEC,https://www.moneycontrol.com/india/stockpricequote/powertransmissionequipment/kecinternational/KEC04
KEI,https://www.moneycontrol.com/india/stockpricequote/cablespowerothers/keiindustries/KEI
KNRCON,https://www.moneycontrol.com/india/stockpricequote/constructioncontractingcivil/knrconstructions/KC13
KOTAKBANK,https://www.moneycontrol.com/india/stockpricequote/banksprivatesector/kotakmahindrabank/KMB
KPRMILL,https://www.moneycontrol.com/india/stockpricequote/textilesreadymadeapparels/kprmill/M15
KRBL,https://www.moneycontrol.com/india/stockpricequote/foodprocessing/krbl/KRB01
KPITTECH,https://www.moneycontrol.com/india/stockpricequote/miscellaneous/kpittechnologies/KPITT54265
L&TFH,https://www.moneycontrol.com/india/stockpricequote/financeinvestments/ltfinanceholdings/LFH
LTI,https://www.moneycontrol.com/india/stockpricequote/computerssoftware/larsentoubroinfotech/LI12
LTTS,https://www.moneycontrol.com/india/stockpricequote/computerssoftware/lttechnologyservices/LTS
LAOPALA,https://www.moneycontrol.com/india/stockpricequote/glassglassproducts/laopalarg/LOR
LAXMIMACH,https://www.moneycontrol.com/india/stockpricequote/textilesmachinery/lakshmimachineworks/LMW
LAKSHVILAS,https://www.moneycontrol.com/india/stockpricequote/banksprivatesector/lakshmivilasbank/LVB
LT,https://www.moneycontrol.com/india/stockpricequote/infrastructuregeneral/larsentoubro/LT
LAURUSLABS,https://www.moneycontrol.com/india/stockpricequote/pharmaceuticals/lauruslabs/LL05
LEMONTREE,https://www.moneycontrol.com/india/stockpricequote/hotels/lemontreehotelsltd/LTH
LICHSGFIN,https://www.moneycontrol.com/india/stockpricequote/financehousing/lichousingfinance/LIC
LINDEINDIA,https://www.moneycontrol.com/india/stockpricequote/chemicals/lindeindia/BOC
LUPIN,https://www.moneycontrol.com/india/stockpricequote/pharmaceuticals/lupin/L
LUXIND,https://www.moneycontrol.com/india/stockpricequote/textilesprocessing/luxindustries/LHI
M&M,https://www.moneycontrol.com/india/stockpricequote/autocarsjeeps/mahindramahindra/MM
M&MFIN,https://www.moneycontrol.com/india/stockpricequote/financeleasinghirepurchase/mahindramahindrafinancialservices/MMF04
MAHSCOOTER,https://www.moneycontrol.com/india/stockpricequote/auto23wheelers/maharashtrascooters/MS01
MAHSEAMLES,https://www.moneycontrol.com/india/stockpricequote/steeltubespipes/maharashtraseamless/MS02
MGL,https://www.moneycontrol.com/india/stockpricequote/refineries/mahanagargas/MG02
MAHINDCIE,https://www.moneycontrol.com/india/stockpricequote/castingsforgings/mahindracieautomotive/MF19
MHRIL,https://www.moneycontrol.com/india/stockpricequote/hotels/mahindraholidaysresortsindia/MHR
MAHLIFE,https://www.moneycontrol.com/india/stockpricequote/constructioncontractingcivil/mahindralifespacedevelopers/MLD
MAHLOG,https://www.moneycontrol.com/india/stockpricequote/diversified/mahindralogistics/ML04
MANAPPURAM,https://www.moneycontrol.com/india/stockpricequote/financeleasinghirepurchase/manappuramfinance/MGF01
MARICO,https://www.moneycontrol.com/india/stockpricequote/personalcare/marico/M13
MARUTI,https://www.moneycontrol.com/india/stockpricequote/autocarsjeeps/marutisuzukiindia/MS24
MASFIN,https://www.moneycontrol.com/india/stockpricequote/financegeneral/masfinancialservices/MFS09
MFSL,https://www.moneycontrol.com/india/stockpricequote/financeinvestments/maxfinancialservices/MI
MAXINDIA,https://www.moneycontrol.com/india/stockpricequote/miscellaneous/maxindia/MIL16
MCX,https://www.moneycontrol.com/india/stockpricequote/miscellaneous/multicommodityexchangeindia/MCE
MEGH,https://www.moneycontrol.com/india/stockpricequote/pesticidesagrochemicals/meghmaniorganics/MO04
METROPOLIS,https://www.moneycontrol.com/india/stockpricequote/hospitalsmedicalservices/metropolishealthcare/MH06
MINDACORP,https://www.moneycontrol.com/india/stockpricequote/autoancillaries/mindacorporation/MC23
MINDAIND,https://www.moneycontrol.com/india/stockpricequote/autoancillaries/mindaindustries/MI4
MINDTREE,https://www.moneycontrol.com/india/stockpricequote/computerssoftware/mindtree/MT13
MIDHANI,https://www.moneycontrol.com/india/stockpricequote/miscellaneous/mishradhatunigamltd/MDN
MMTC,https://www.moneycontrol.com/india/stockpricequote/trading/mmtc/MMT
MOIL,https://www.moneycontrol.com/india/stockpricequote/miningminerals/moil/M18
MOTHERSUMI,https://www.moneycontrol.com/india/stockpricequote/autoancillaries/mothersonsumisystems/MSS01
MOTILALOFS,https://www.moneycontrol.com/india/stockpricequote/financegeneral/motilaloswalfinancialservices/MOF01
MPHASIS,https://www.moneycontrol.com/india/stockpricequote/computerssoftware/mphasis/MB02
MRF,https://www.moneycontrol.com/india/stockpricequote/tyres/mrf/MRF
MRPL,https://www.moneycontrol.com/india/stockpricequote/refineries/mangalorerefinerypetrochemicals/MRP
MUTHOOTFIN,https://www.moneycontrol.com/india/stockpricequote/financeinvestments/muthootfinance/MF10
NATIONALUM,https://www.moneycontrol.com/india/stockpricequote/aluminium/nationalaluminiumcompany/NAC
NH,https://www.moneycontrol.com/india/stockpricequote/hospitalsmedicalservices/narayanahrudayalaya/NH
NATCOPHARM,https://www.moneycontrol.com/india/stockpricequote/pharmaceuticals/natcopharma/NP07
NBVENTURES,https://www.moneycontrol.com/india/stockpricequote/diversified/navabharatventures/NBV
NAVINFLUOR,https://www.moneycontrol.com/india/stockpricequote/chemicals/navinfluorineinternational/NFI
NAVNETEDUL,https://www.moneycontrol.com/india/stockpricequote/printingstationery/navneeteducation/NP01
NBCC,https://www.moneycontrol.com/india/stockpricequote/infrastructuregeneral/nbccindia/NBC01
NCC,https://www.moneycontrol.com/india/stockpricequote/constructioncontractingcivil/ncc/NCC01
NESCO,https://www.moneycontrol.com/india/stockpricequote/diversified/nesco/NES
NESTLEIND,https://www.moneycontrol.com/india/stockpricequote/foodprocessing/nestleindia/NI
NETWORK18,https://www.moneycontrol.com/india/stockpricequote/mediaentertainment/network18mediainvestments/NMI
NIACL,https://www.moneycontrol.com/india/stockpricequote/miscellaneous/newindiaassurancecompany/NIA
NHPC,https://www.moneycontrol.com/india/stockpricequote/powergenerationdistribution/nhpc/N07
NIITTECH,https://www.moneycontrol.com/india/stockpricequote/computerssoftware/niittechnologies/NII02
NILKAMAL,https://www.moneycontrol.com/india/stockpricequote/plastics/nilkamal/NP08
NAM-INDIA,https://www.moneycontrol.com/india/stockpricequote/miscellaneous/nipponlifeindiaassetmanagement/RNL
NLCINDIA,https://www.moneycontrol.com/india/stockpricequote/powergenerationdistribution/nlcindia/NLC
NMDC,https://www.moneycontrol.com/india/stockpricequote/miningminerals/nmdc/NMD02
NOCIL,https://www.moneycontrol.com/india/stockpricequote/petrochemicals/nocil/NOC02
NTPC,https://www.moneycontrol.com/india/stockpricequote/powergenerationdistribution/ntpc/NTP
OBEROIRLTY,https://www.moneycontrol.com/india/stockpricequote/constructioncontractingrealestate/oberoirealty/OR
OIL,https://www.moneycontrol.com/india/stockpricequote/oildrillingandexploration/oilindia/OI13
OMAXE,https://www.moneycontrol.com/india/stockpricequote/constructioncontractingrealestate/omaxe/O02
ONGC,https://www.moneycontrol.com/india/stockpricequote/oildrillingandexploration/oilnaturalgascorporation/ONG
OFSS,https://www.moneycontrol.com/india/stockpricequote/computerssoftware/oraclefinancialservicessoftware/OFS01
ORIENTCEM,https://www.moneycontrol.com/india/stockpricequote/cementmajor/orientcement/OC10
ORIENTREF,https://www.moneycontrol.com/india/stockpricequote/cementproductsbuildingmaterials/orientrefractories/OR01
PGHH,https://www.moneycontrol.com/india/stockpricequote/personalcare/proctergamblehygienehealthcare/PGH
PAGEIND,https://www.moneycontrol.com/india/stockpricequote/textilesreadymadeapparels/pageindustries/PI35
PARAGMILK,https://www.moneycontrol.com/india/stockpricequote/foodprocessing/paragmilkfoods/PMF01
PCJEWELLER,https://www.moneycontrol.com/india/stockpricequote/diamondcuttingjewellerypreciousmetals/pcjeweller/PJ
PERSISTENT,https://www.moneycontrol.com/india/stockpricequote/computerssoftware/persistentsystems/PS15
PETRONET,https://www.moneycontrol.com/india/stockpricequote/oildrillingandexploration/petronetlng/PLN
PFIZER,https://www.moneycontrol.com/india/stockpricequote/pharmaceuticals/pfizer/P
PHILIPCARB,https://www.moneycontrol.com/india/stockpricequote/chemicals/phillipscarbonblack/PCB01
PHOENIXLTD,https://www.moneycontrol.com/india/stockpricequote/constructioncontractingrealestate/phoenixmills/PM02
PIIND,https://www.moneycontrol.com/india/stockpricequote/pesticidesagrochemicals/piindustries/PII
PIDILITIND,https://www.moneycontrol.com/india/stockpricequote/chemicals/pidiliteindustries/PI11
PEL,https://www.moneycontrol.com/india/stockpricequote/pharmaceuticals/piramalenterprises/PH05
PNB,https://www.moneycontrol.com/india/stockpricequote/bankspublicsector/punjabnationalbank/PNB05
PNBHOUSING,https://www.moneycontrol.com/india/stockpricequote/financehousing/pnbhousingfinance/PHF
PNCINFRA,https://www.moneycontrol.com/india/stockpricequote/constructioncontractingrealestate/pncinfratech/PI26
POLYCAB,https://www.moneycontrol.com/india/stockpricequote/cablespowerothers/polycabindia/PI44
PFC,https://www.moneycontrol.com/india/stockpricequote/financetermlendinginstitutions/powerfinancecorporation/PFC02
POWERGRID,https://www.moneycontrol.com/india/stockpricequote/powergenerationdistribution/powergridcorporationindia/PGC
PRESTIGE,https://www.moneycontrol.com/india/stockpricequote/constructioncontractingrealestate/prestigeestatesprojects/PEP02
PRSMJOHNSN,https://www.moneycontrol.com/india/stockpricequote/cementmajor/prismjohnson/PC
PGHL,https://www.moneycontrol.com/india/stockpricequote/pharmaceuticals/proctergamblehealth/M12
PTC,https://www.moneycontrol.com/india/stockpricequote/trading/ptcindia/PTC02
PVR,https://www.moneycontrol.com/india/stockpricequote/mediaentertainment/pvr/PVR
QUESS,https://www.moneycontrol.com/india/stockpricequote/engineering/quesscorp/QC
RADICO,https://www.moneycontrol.com/india/stockpricequote/breweriesdistilleries/radicokhaitan/RK01
RVNL,https://www.moneycontrol.com/india/stockpricequote/miscellaneous/railvikasnigam/RVN
RAIN,https://www.moneycontrol.com/india/stockpricequote/cementmajor/rainindustries/RC12
RAJESHEXPO,https://www.moneycontrol.com/india/stockpricequote/diamondcuttingjewellerypreciousmetals/rajeshexports/RE07
RALLIS,https://www.moneycontrol.com/india/stockpricequote/pesticidesagrochemicals/rallisindia/RI03
RAMCOCEM,https://www.moneycontrol.com/india/stockpricequote/cementmajor/theramcocements/MC
RCF,https://www.moneycontrol.com/india/stockpricequote/fertilisers/rashtriyachemicalsfertilisers/RCF01
RATNAMANI,https://www.moneycontrol.com/india/stockpricequote/steeltubespipes/ratnamanimetalstubes/RMT
RAYMOND,https://www.moneycontrol.com/india/stockpricequote/textileswoollenworsted/raymond/R
RBLBANK,https://www.moneycontrol.com/india/stockpricequote/banksprivatesector/rblbank/RB03
RECLTD,https://www.moneycontrol.com/india/stockpricequote/financetermlendinginstitutions/rec/REC02
REDINGTON,https://www.moneycontrol.com/india/stockpricequote/computershardware/redingtonindia/RI37
RELCAPITAL,https://www.moneycontrol.com/india/stockpricequote/financeinvestments/reliancecapital/RC
RELAXO,https://www.moneycontrol.com/india/stockpricequote/leatherproducts/relaxofootwears/RF07
RELIANCE,https://www.moneycontrol.com/india/stockpricequote/refineries/relianceindustries/RI
RELINFRA,https://www.moneycontrol.com/india/stockpricequote/powergenerationdistribution/relianceinfrastructure/RI38
RPOWER,https://www.moneycontrol.com/india/stockpricequote/powergenerationdistribution/reliancepower/RP
REPCOHOME,https://www.moneycontrol.com/india/stockpricequote/financehousing/repcohomefinance/RHF
RESPONIND,https://www.moneycontrol.com/india/stockpricequote/constructioncontractingcivil/responsiveindustries/SH10
RITES,https://www.moneycontrol.com/india/stockpricequote/diversified/rites/R02
SHK,https://www.moneycontrol.com/india/stockpricequote/chemicals/shkelkarcompany/KC17
SADBHAV,https://www.moneycontrol.com/india/stockpricequote/infrastructuregeneral/sadbhavengineering/SE19
SAIL,https://www.moneycontrol.com/india/stockpricequote/steellarge/steelauthorityindia/SAI
SANOFI,https://www.moneycontrol.com/india/stockpricequote/pharmaceuticals/sanofiindia/AP26
SBIN,https://www.moneycontrol.com/india/stockpricequote/bankspublicsector/statebankindia/SBI
SBILIFE,https://www.moneycontrol.com/india/stockpricequote/diversified/sbilifeinsurancecompany/SLI03
SCHAEFFLER,https://www.moneycontrol.com/india/stockpricequote/bearings/schaefflerindia/FAG
SCHNEIDER,https://www.moneycontrol.com/india/stockpricequote/powergenerationdistribution/schneiderelectricinfrastructure/SEI04
SHANKARA,https://www.moneycontrol.com/india/stockpricequote/miscellaneous/shankarabuildingproducts/SBP02
SFL,https://www.moneycontrol.com/india/stockpricequote/miscellaneous/sheelafoam/SF14
SHILPAMED,https://www.moneycontrol.com/india/stockpricequote/pharmaceuticals/shilpamedicare/SM19
SCI,https://www.moneycontrol.com/india/stockpricequote/shipping/shippingcorporationindia/SCI
SHOPERSTOP,https://www.moneycontrol.com/india/stockpricequote/retail/shoppersstop/SS51
SHREECEM,https://www.moneycontrol.com/india/stockpricequote/cementmajor/shreecements/SC12
SHRIRAMCIT,https://www.moneycontrol.com/india/stockpricequote/financeleasinghirepurchase/shriramcityunionfinance/SCU
SRTRANSFIN,https://www.moneycontrol.com/india/stockpricequote/financeleasinghirepurchase/shriramtransportfinancecorporation/STF
SIEMENS,https://www.moneycontrol.com/india/stockpricequote/infrastructuregeneral/siemens/S
SIS,https://www.moneycontrol.com/india/stockpricequote/miscellaneous/securityintelligenceservicesindia/SIS08
SJVN,https://www.moneycontrol.com/india/stockpricequote/powergenerationdistribution/sjvn/S11
SKFINDIA,https://www.moneycontrol.com/india/stockpricequote/bearings/skfindia/SKF01
SOBHA,https://www.moneycontrol.com/india/stockpricequote/constructioncontractingrealestate/sobha/SD6
SOLARINDS,https://www.moneycontrol.com/india/stockpricequote/chemicals/solarindustriesindia/SII04
SOMANYCERA,https://www.moneycontrol.com/india/stockpricequote/ceramicsgranite/somanyceramics/SC49
SONATSOFTW,https://www.moneycontrol.com/india/stockpricequote/computerssoftwaremediumsmall/sonatasoftware/SS42
SOUTHBANK,https://www.moneycontrol.com/india/stockpricequote/banksprivatesector/southindianbank/SIB
SPICEJET,https://www.moneycontrol.com/india/stockpricequote/transportlogistics/spicejet/SJ01
SRF,https://www.moneycontrol.com/india/stockpricequote/diversified/srf/SRF
STARCEMENT,https://www.moneycontrol.com/india/stockpricequote/cementmajor/starcement/SFC02
STRTECH,https://www.moneycontrol.com/india/stockpricequote/cablestelephone/sterlitetechnologies/ST20
STAR,https://www.moneycontrol.com/india/stockpricequote/pharmaceuticals/stridespharmascience/SA10
SUDARSCHEM,https://www.moneycontrol.com/india/stockpricequote/dyespigments/sudarshanchemicalindustries/SCI08
SUNPHARMA,https://www.moneycontrol.com/india/stockpricequote/pharmaceuticals/sunpharmaceuticalindustries/SPI
SPARC,https://www.moneycontrol.com/india/stockpricequote/pharmaceuticals/sunpharmaadvancedresearchcompany/SPA
SUNTV,https://www.moneycontrol.com/india/stockpricequote/mediaentertainment/suntvnetwork/STN01
SUNDRMFAST,https://www.moneycontrol.com/india/stockpricequote/fasteners/sundramfasteners/SF23
SUNTECK,https://www.moneycontrol.com/india/stockpricequote/constructioncontractingrealestate/sunteckrealty/SR05
SUPRAJIT,https://www.moneycontrol.com/india/stockpricequote/autoancillaries/suprajitengineering/SE15
SUPREMEIND,https://www.moneycontrol.com/india/stockpricequote/plastics/supremeindustries/SI48
SUZLON,https://www.moneycontrol.com/india/stockpricequote/powergenerationdistribution/suzlonenergy/SE17
SWANENERGY,https://www.moneycontrol.com/india/stockpricequote/trading/swanenergy/SM09
SYMPHONY,https://www.moneycontrol.com/india/stockpricequote/consumergoodswhitegoods/symphony/SCS04
SYNGENE,https://www.moneycontrol.com/india/stockpricequote/miscellaneous/syngeneinternational/SI10
TNPL,https://www.moneycontrol.com/india/stockpricequote/paper/tamilnadunewsprintpapers/TNN
TATACOFFEE,https://www.moneycontrol.com/india/stockpricequote/plantationsteacoffee/tatacoffee/TC14
TATACONSUM,https://www.moneycontrol.com/india/stockpricequote/plantationsteacoffee/tataconsumerproducts/TT
TATAELXSI,https://www.moneycontrol.com/india/stockpricequote/computerssoftware/tataelxsi/TE
TATAINVEST,https://www.moneycontrol.com/india/stockpricequote/financeinvestments/tatainvestmentcorporation/TIC
TATAMETALI,https://www.moneycontrol.com/india/stockpricequote/steelpigiron/tatametaliks/TM
TATAMOTORS,https://www.moneycontrol.com/india/stockpricequote/autolcvshcvs/tatamotors/TM03
TATAPOWER,https://www.moneycontrol.com/india/stockpricequote/powergenerationdistribution/tatapowercompany/TPC
TATASTEEL,https://www.moneycontrol.com/india/stockpricequote/steellarge/tatasteel/TIS
TCNSBRANDS,https://www.moneycontrol.com/india/stockpricequote/textilesgeneral/tcnsclothingco/TCC
TCS,https://www.moneycontrol.com/india/stockpricequote/computerssoftware/tataconsultancyservices/TCS
TEAMLEASE,https://www.moneycontrol.com/india/stockpricequote/miscellaneous/teamleaseservices/TS13
TECHM,https://www.moneycontrol.com/india/stockpricequote/computerssoftware/techmahindra/TM4
TEJASNET,https://www.moneycontrol.com/india/stockpricequote/telecommunicationsequipment/tejasnetworks/TN
THERMAX,https://www.moneycontrol.com/india/stockpricequote/infrastructuregeneral/thermax/T
THYROCARE,https://www.moneycontrol.com/india/stockpricequote/hospitalsmedicalservices/thyrocaretechnologies/TT16
TIMETECHNO,https://www.moneycontrol.com/india/stockpricequote/packaging/timetechnoplast/TT03
TIMKEN,https://www.moneycontrol.com/india/stockpricequote/bearings/timkenindia/TI23
TITAN,https://www.moneycontrol.com/india/stockpricequote/miscellaneous/titancompany/TI01
TATAMTRDVR,https://www.moneycontrol.com/india/stockpricequote/miscellaneous/tatamotorsltddvr/TATAM57000
TORNTPHARM,https://www.moneycontrol.com/india/stockpricequote/pharmaceuticals/torrentpharmaceuticals/TP06
TORNTPOWER,https://www.moneycontrol.com/india/stockpricequote/powergenerationdistribution/torrentpower/TP14
TRENT,https://www.moneycontrol.com/india/stockpricequote/retail/trent/T04
TRIDENT,https://www.moneycontrol.com/india/stockpricequote/textilesspinningcottonblended/trident/AI01
TTKPRESTIG,https://www.moneycontrol.com/india/stockpricequote/domesticappliances/ttkprestige/TTK02
TVTODAY,https://www.moneycontrol.com/india/stockpricequote/mediaentertainment/tvtodaynetwork/TVT
TV18BRDCST,https://www.moneycontrol.com/india/stockpricequote/mediaentertainment/tv18broadcast/IBN
TVSMOTOR,https://www.moneycontrol.com/india/stockpricequote/auto23wheelers/tvsmotorcompany/TVS
TVSSRICHAK,https://www.moneycontrol.com/india/stockpricequote/tyres/tvssrichakra/TVS03
UCOBANK,https://www.moneycontrol.com/india/stockpricequote/bankspublicsector/ucobank/UCO
UFLEX,https://www.moneycontrol.com/india/stockpricequote/packaging/uflex/U01
UJJIVAN,https://www.moneycontrol.com/india/stockpricequote/financegeneral/ujjivanfinancialservices/UFS01
ULTRACEMCO,https://www.moneycontrol.com/india/stockpricequote/cementmajor/ultratechcement/UTC01
UNIONBANK,https://www.moneycontrol.com/india/stockpricequote/bankspublicsector/unionbankindia/UBI01
UBL,https://www.moneycontrol.com/india/stockpricequote/breweriesdistilleries/unitedbreweries/UB02
UPL,https://www.moneycontrol.com/india/stockpricequote/chemicals/upl/UP04
VGUARD,https://www.moneycontrol.com/india/stockpricequote/electricequipment/vguardindustries/VI02
VMART,https://www.moneycontrol.com/india/stockpricequote/retail/vmartretail/VR03
WABAG,https://www.moneycontrol.com/india/stockpricequote/infrastructuregeneral/vatechwabag/VTW
VAIBHAVGBL,https://www.moneycontrol.com/india/stockpricequote/retail/vaibhavglobal/VG02
VTL,https://www.moneycontrol.com/india/stockpricequote/textilesspinningcottonblended/vardhmantextiles/VT10
VARROC,https://www.moneycontrol.com/india/stockpricequote/engineeringheavy/varrocengineering/VE08
VBL,https://www.moneycontrol.com/india/stockpricequote/foodprocessing/varunbeverages/VB05
VEDL,https://www.moneycontrol.com/india/stockpricequote/miningminerals/vedanta/SG
VENKEYS,https://www.moneycontrol.com/india/stockpricequote/miscellaneous/venkys/V03
VINATIORGA,https://www.moneycontrol.com/india/stockpricequote/chemicals/vinatiorganics/VO01
VIPIND,https://www.moneycontrol.com/india/stockpricequote/plastics/vipindustries/VIP
IDEA,https://www.moneycontrol.com/india/stockpricequote/telecommunicationsservice/vodafoneidealimited/IC8
VOLTAS,https://www.moneycontrol.com/india/stockpricequote/diversified/voltas/V
VRLLOG,https://www.moneycontrol.com/india/stockpricequote/transportlogistics/vrllogistics/VL03
VSTIND,https://www.moneycontrol.com/india/stockpricequote/cigarettes/vstindustries/VST
WABCOINDIA,https://www.moneycontrol.com/india/stockpricequote/autoancillaries/wabcoindia/WAB
WELCORP,https://www.moneycontrol.com/india/stockpricequote/steeltubespipes/welspuncorp/WGS
WELSPUNIND,https://www.moneycontrol.com/india/stockpricequote/textilesweaving/welspunindia/WI03
WESTLIFE,https://www.moneycontrol.com/india/stockpricequote/hotels/westlifedevelopment/DIC
WHIRLPOOL,https://www.moneycontrol.com/india/stockpricequote/consumergoodswhitegoods/whirlpoolindia/WI
WIPRO,https://www.moneycontrol.com/india/stockpricequote/computerssoftware/wipro/W
WOCKPHARMA,https://www.moneycontrol.com/india/stockpricequote/pharmaceuticals/wockhardt/W05
ZEEL,https://www.moneycontrol.com/india/stockpricequote/mediaentertainment/zeeentertainmententerprises/ZEE
ZENSARTECH,https://www.moneycontrol.com/india/stockpricequote/computerssoftware/zensartechnologies/ZT02
ZYDUSWELL,https://www.moneycontrol.com/india/stockpricequote/vanaspatioils/zyduswellness/ZW01
